APPLICATION ID ,NAME,EMAIL,SUBMISSION TIME,AGE,EXPERIENCE YEARS,TIME GAP SETTING
1,ALI KHAN,alikhan@gmail.com,48720,24,1,0
2,SARA AHMED,saraahmed@gmail.com,68810,20,3,20090
3,BILAL HUSSAIN,bilalhussain@gmail.com,6748,27,3,62062
4,AYESHA MALIK,ayeshamalik@gmail.com,39988,24,2,33240
5,USMAN TARIQ,usmantariq@gmail.com,68903,15,1,28915
6,HINA RIAZ,hinariaz@gmail.com,23181,19,0,45722
7,ZAINAB BUTT,zainabbutt@gmail.com,62649,19,3,39468
8,HAMZA SHIEKH,hamzashiekh@gmail.com,80361,20,3,17712
9,MARIAM YOUSAF,mariamyousaf@gmail.com,45722,25,0,34639
10,FAHAD IQBAL,fahadiqbal@gmail.com,57688,28,0,11966
11,NOOR FATIMA,noorfatima@gmail.com,31946,24,1,25742
12,KASHIF RAZA,kashifraza@gmail.com,10330,22,20,21616
13,SANA JAVED,sanajaved@gmail.com,22248,23,1,11918
14,TARIQ MEHMOOD,tariqmehmood@gmail.com,67423,27,1,45175
15,RABIA ASLAM,rabiaaslam@gmail.com,76422,24,2,3
16,OMAR FAROOQ,omarfarooq@gmail.com,29604,28,3,5
17,SADIA NIAZ,sadianiaz@gmail.com,74901,21,3,2
18,WAQAS AHMED,waqasahmed@gmail.com,44328,23,3,30573
19,AMNA SIDDIQUI,amnasiddiqui@gmail.com,84981,26,1,40653
20,JUNAID LATIF,junaidlatif@gmail.com,59691,20,0,25290
21,RIDA KAMAL,ridakamal@gmail.com,29352,21,1,30339
22,FARAH ZAFAR,farahzafar@gmail.com,39381,20,1,10029
23,IMRAN BAIG,imranbaig@gmail.com,22357,20,3,17024
24,FAHAD IQBAL,fahadiqbal@gmail.com,74155,19,3,51798
25,SHAHZAD ALI,shahzadali@gmail.com,23538,21,0,50617
26,MAHNOOR KHAN,mahnoorkhan@gmail.com,69460,22,1,45922
27,ASAD RAFIQUE,asadrafique@gmail.com,75571,25,0,6111
28,IQRA HABIB,iqrahabib@gmail.com,41218,25,0,34353
29,DANISH SAEED,danishsaeed@gmail.com,36041,21,2,5177
30,NIMRA ANWAR,nimraanwar@gmail.com,36064,45,0,23
31,BILAL CHAUDHRY,bilalchaudhry@gmail.com,66782,21,2,30718
32,SIDRA YASIN,sidrayasin@gmail.com,56565,21,3,10217
33,KAMRAN ELAHI,kamranelahi@gmail.com,73685,21,3,17120
34,HAFSA NOOR,hafsanoor@gmail.com,80209,24,0,6524
35,REHAN AZIZ,rehanaziz@gmail.com,54566,26,2,25643
36,SOBIA PARVEEN,sobiaparveen@gmail.com,1251,26,0,53315
37,YASIR MEHMOOD,yasirmehmood@gmail.com,45742,19,3,44491
38,ALIYA BANO,aliyabano@gmail.com,73216,23,0,27474
39,FAISAL NAWAZ,faisalnawaz@gmail.com,41009,20,0,32207
40,ADEEL SHAH,adeelshah@gmail.com,36301,20,2,4708
